{"loss": 0.0005681651527993381, "_timestamp": 1706267949.7839909, "_runtime": 184.35436296463013, "_step": 431, "_wandb": {"runtime": 178}}