{"loss": 0.0032002925872802734, "_timestamp": 1706512296.4112115, "_runtime": 48.618093490600586, "_step": 41, "_wandb": {"runtime": 47}}